id,length,hadamard_order,family,appendix,pdf_page,paper_metadata,a,b,verified_ngp,verified_hadamard_2n
second_paley_ngp_002,2,4,second_paley,C,24,,1 -1,1 -1,True,True
second_paley_ngp_004,4,8,second_paley,C,24,,1 -1 -1 -1,1 -1 1 -1,True,True
second_paley_ngp_006,6,12,second_paley,C,24,,1 -1 -1 1 -1 -1,1 1 -1 1 -1 -1,True,True
second_paley_ngp_010,10,20,second_paley,C,24,,1 -1 -1 -1 -1 1 -1 -1 -1 -1,1 -1 -1 1 -1 1 -1 1 1 -1,True,True
second_paley_ngp_012,12,24,second_paley,C,24,,1 -1 1 1 1 -1 1 -1 1 1 1 -1,1 -1 1 1 1 1 -1 -1 -1 -1 1 -1,True,True
second_paley_ngp_014,14,28,second_paley,C,24,,1 1 -1 -1 1 1 1 1 1 1 1 -1 -1 1,1 -1 1 -1 1 1 1 -1 -1 -1 1 -1 1 -1,True,True
second_paley_ngp_016,16,32,second_paley,C,24,,1 -1 -1 1 1 -1 1 -1 -1 -1 1 -1 1 1 -1 -1,1 1 1 1 -1 -1 1 -1 1 -1 1 1 -1 -1 -1 -1,True,True
second_paley_ngp_022,22,44,second_paley,C,24,,1 -1 -1 -1 1 -1 -1 1 1 -1 1 -1 1 -1 1 1 -1 -1 1 -1 -1 -1,1 1 1 1 -1 1 -1 -1 1 1 1 -1 -1 -1 1 1 -1 1 -1 -1 -1 -1,True,True
second_paley_ngp_024,24,48,second_paley,C,24,,1 -1 1 1 -1 1 -1 -1 -1 1 1 1 -1 1 1 1 -1 -1 -1 1 -1 1 1 -1,1 -1 1 -1 1 1 1 1 1 1 -1 -1 1 1 -1 -1 -1 -1 -1 -1 1 -1 1 -1,True,True
second_paley_ngp_030,30,60,second_paley,C,24,,1 -1 1 -1 1 -1 -1 -1 1 -1 -1 -1 -1 -1 1 1 1 -1 -1 -1 -1 -1 1 -1 -1 -1 1 -1 1 -1,1 -1 -1 1 -1 -1 -1 1 1 1 1 -1 1 1 -1 1 -1 -1 1 -1 -1 -1 -1 1 1 1 -1 1 1 -1,True,True
second_paley_ngp_034,34,68,second_paley,C,24,,1 -1 1 1 1 -1 1 -1 1 -1 -1 1 -1 -1 -1 -1 1 1 1 -1 -1 -1 -1 1 -1 -1 1 -1 1 -1 1 1 1 -1,1 1 -1 1 1 1 1 1 -1 -1 -1 1 -1 -1 1 1 -1 1 -1 -1 1 1 -1 1 1 1 -1 -1 -1 -1 -1 1 -1 -1,True,True
second_paley_ngp_036,36,72,second_paley,C,24,,1 -1 -1 -1 -1 -1 1 1 -1 1 -1 1 1 1 1 -1 1 1 1 1 1 -1 1 1 1 1 -1 1 -1 1 1 -1 -1 -1 -1 -1,1 -1 1 -1 -1 1 1 -1 -1 1 -1 -1 -1 1 1 1 -1 1 -1 1 -1 -1 -1 1 1 1 -1 1 1 -1 -1 1 1 -1 1 -1,True,True
second_paley_ngp_040,40,80,second_paley,C,24,,1 -1 1 -1 -1 -1 -1 1 -1 1 -1 -1 -1 1 -1 -1 -1 -1 1 1 -1 1 1 -1 -1 -1 -1 1 -1 -1 -1 1 -1 1 -1 -1 -1 -1 1 -1,1 -1 1 1 1 1 -1 -1 -1 -1 -1 1 1 -1 -1 1 1 -1 1 -1 1 -1 1 -1 -1 1 1 -1 -1 1 1 1 1 1 -1 -1 -1 -1 1 -1,True,True
second_paley_ngp_042,42,84,second_paley,C,24,,1 -1 1 1 1 1 1 -1 -1 1 -1 1 1 1 1 -1 1 1 -1 -1 1 1 1 -1 -1 1 1 -1 1 1 1 1 -1 1 -1 -1 1 1 1 1 1 -1,1 -1 -1 1 -1 1 -1 1 -1 1 1 -1 -1 -1 -1 1 -1 -1 -1 -1 -1 1 1 1 1 1 -1 1 1 1 1 -1 -1 1 -1 1 -1 1 -1 1 1 -1,True,True
second_paley_ngp_052,52,104,second_paley,C,24,,1 -1 1 -1 -1 -1 -1 -1 1 -1 1 1 1 1 -1 -1 -1 1 1 -1 1 1 1 -1 1 1 -1 1 1 -1 1 1 1 -1 1 1 -1 -1 -1 1 1 1 1 -1 1 -1 -1 -1 -1 -1 1 -1,1 -1 -1 1 1 1 -1 -1 -1 -1 -1 1 -1 -1 -1 -1 1 -1 1 -1 1 -1 -1 1 1 -1 1 -1 -1 1 1 -1 1 -1 1 -1 1 1 1 1 -1 1 1 1 1 1 -1 -1 -1 1 1 -1,True,True
second_paley_ngp_054,54,108,second_paley,C,24,,1 -1 1 -1 -1 -1 -1 -1 1 1 -1 -1 1 1 -1 1 -1 -1 -1 -1 1 -1 1 -1 1 -1 -1 -1 -1 -1 1 -1 1 -1 1 -1 -1 -1 -1 1 -1 1 1 -1 -1 1 1 -1 -1 -1 -1 -1 1 -1,1 -1 1 1 1 -1 -1 1 1 1 -1 -1 -1 -1 -1 -1 -1 1 1 -1 1 -1 -1 1 1 -1 1 -1 1 -1 -1 1 1 -1 1 -1 -1 1 1 1 1 1 1 1 -1 -1 -1 1 1 -1 -1 -1 1 -1,True,True
second_paley_ngp_064,64,128,second_paley,C,24,,1 -1 -1 -1 1 -1 1 -1 -1 1 -1 -1 -1 1 1 -1 1 1 -1 -1 1 1 1 1 1 1 1 -1 1 1 1 -1 -1 -1 1 1 1 -1 1 1 1 1 1 1 1 -1 -1 1 1 -1 1 1 -1 -1 -1 1 -1 -1 1 -1 1 -1 -1 -1,1 -1 1 1 -1 -1 1 -1 -1 -1 -1 1 1 1 1 1 -1 1 -1 1 1 -1 1 -1 1 1 1 -1 -1 -1 1 -1 1 -1 1 1 1 -1 -1 -1 1 -1 1 -1 -1 1 -1 1 -1 -1 -1 -1 -1 1 1 1 1 -1 1 1 -1 -1 1 -1,True,True
ito_ngp_002,2,4,ito,D,25,x2 - x - 1; p = q = 3,1 1,1 -1,True,True
ito_ngp_004,4,8,ito,D,25,x2 - x + 3; p = q = 7,1 -1 1 -1,1 1 -1 -1,True,True
ito_ngp_006,6,12,ito,D,25,x2 + x + 7; p = q = 11,1 -1 1 1 1 -1,-1 -1 1 -1 1 1,True,True
ito_ngp_010,10,20,ito,D,25,x2 - x + 2; p = q = 19,1 -1 1 -1 1 1 1 -1 1 -1,1 1 1 -1 -1 1 1 -1 -1 -1,True,True
ito_ngp_012,12,24,ito,D,25,x2 - x + 7; p = q = 23,1 1 1 -1 1 1 1 1 1 -1 1 1,1 -1 1 -1 -1 -1 1 1 1 -1 1 -1,True,True
ito_ngp_014,14,28,ito,D,25,"x6 - x5 + 2; p = 3, q = 27",1 1 1 -1 -1 1 -1 1 -1 1 -1 -1 1 1,-1 1 -1 -1 -1 -1 -1 1 1 1 1 1 -1 1,True,True
ito_ngp_016,16,32,ito,D,25,x2 - x + 12; p = q = 31,1 -1 1 1 -1 -1 -1 -1 1 -1 -1 -1 -1 1 1 -1,1 1 1 -1 -1 1 -1 1 -1 1 -1 1 1 -1 -1 -1,True,True
ito_ngp_022,22,44,ito,D,25,x2 + x + 3; p = q = 43,1 1 -1 1 1 1 -1 -1 1 1 1 1 1 1 1 -1 -1 1 1 1 -1 1,-1 1 -1 -1 1 1 1 1 -1 1 -1 1 -1 1 -1 -1 -1 -1 1 1 -1 1,True,True
ito_ngp_024,24,48,ito,D,25,x2 + x + 13; p = q = 47,1 -1 -1 1 1 1 1 -1 1 1 -1 1 1 1 -1 1 1 -1 1 1 1 1 -1 -1,-1 1 1 -1 1 -1 1 -1 -1 -1 -1 -1 1 1 1 1 1 -1 1 -1 1 -1 -1 1,True,True
ito_ngp_030,30,60,ito,D,25,x2 + x + 2; p = q = 59,1 -1 -1 -1 -1 -1 1 -1 -1 -1 1 -1 1 -1 -1 1 -1 -1 1 -1 1 -1 -1 -1 1 -1 -1 -1 -1 -1,-1 -1 1 1 1 -1 1 -1 -1 1 -1 -1 -1 1 1 -1 -1 1 1 1 -1 1 1 -1 1 -1 -1 -1 1 1,True,True
ito_ngp_034,34,68,ito,D,25,x2 + x + 12; p = q = 67,1 -1 -1 1 -1 -1 -1 -1 -1 -1 1 1 1 -1 1 -1 -1 1 -1 -1 1 -1 1 1 1 -1 -1 -1 -1 -1 -1 1 -1 -1,-1 -1 1 1 -1 -1 -1 1 -1 -1 1 -1 1 -1 -1 -1 1 -1 1 1 1 -1 1 -1 1 1 -1 1 1 1 -1 -1 1 1,True,True
ito_ngp_036,36,72,ito,D,25,x2 + x + 11; p = q = 71,1 1 -1 1 -1 1 1 -1 -1 -1 -1 -1 1 -1 1 1 1 -1 1 -1 1 1 1 -1 1 -1 -1 -1 -1 -1 1 1 -1 1 -1 1,-1 -1 -1 1 -1 -1 1 -1 -1 -1 1 1 -1 -1 1 1 1 1 -1 -1 -1 -1 1 1 -1 -1 1 1 1 -1 1 1 -1 1 1 1,True,True
ito_ngp_040,40,80,ito,D,25,x2 + x + 3; p = q = 79,1 -1 -1 -1 1 -1 1 1 1 1 1 -1 1 1 1 -1 1 -1 -1 1 1 1 -1 -1 1 -1 1 1 1 -1 1 1 1 1 1 -1 1 -1 -1 -1,-1 -1 -1 -1 1 1 -1 -1 1 1 -1 1 -1 1 1 -1 1 -1 -1 -1 1 1 1 -1 1 -1 -1 1 -1 1 -1 -1 1 1 -1 -1 1 1 1 1,True,True
ito_ngp_042,42,84,ito,D,25,x2 + x + 2; p = q = 83,1 -1 -1 1 -1 1 -1 -1 1 1 1 1 -1 1 -1 -1 -1 1 1 -1 -1 1 -1 -1 1 1 -1 -1 -1 1 -1 1 1 1 1 -1 -1 1 -1 1 -1 -1,-1 1 -1 1 -1 -1 -1 1 -1 1 1 -1 -1 -1 -1 -1 -1 -1 -1 1 1 -1 -1 1 1 1 1 1 1 1 1 -1 -1 1 -1 1 1 1 -1 1 -1 1,True,True
ito_ngp_052,52,104,ito,D,25,x2 + x + 5; p = q = 103,1 -1 -1 -1 1 -1 1 -1 -1 -1 -1 1 -1 1 1 -1 1 1 -1 -1 -1 1 -1 -1 -1 1 1 1 -1 -1 -1 1 -1 -1 -1 1 1 -1 1 1 -1 1 -1 -1 -1 -1 1 -1 1 -1 -1 -1,-1 -1 1 1 -1 -1 -1 -1 -1 -1 -1 1 -1 1 1 1 -1 1 -1 1 1 -1 1 1 -1 -1 1 1 -1 -1 1 -1 -1 1 -1 1 -1 -1 -1 1 -1 1 1 1 1 1 1 1 -1 -1 1 1,True,True
ito_ngp_054,54,108,ito,D,25,x2 + x + 5; p = q = 107,1 1 1 1 -1 1 -1 1 1 -1 -1 1 1 -1 -1 -1 -1 1 -1 1 1 1 1 1 1 1 -1 1 -1 1 1 1 1 1 1 1 -1 1 -1 -1 -1 -1 1 1 -1 -1 1 1 -1 1 -1 1 1 1,-1 -1 -1 1 1 -1 -1 -1 -1 1 1 -1 1 -1 1 -1 1 1 -1 1 1 -1 -1 1 -1 -1 -1 1 1 1 -1 1 1 -1 -1 1 -1 -1 1 -1 1 -1 1 -1 -1 1 1 1 1 -1 -1 1 1 1,True,True
ito_ngp_064,64,128,ito,D,26,x2 - x + 3; p = q = 127,1 -1 1 -1 -1 -1 -1 -1 1 1 1 -1 1 1 -1 -1 -1 1 1 -1 -1 1 -1 1 -1 1 -1 -1 -1 1 -1 -1 1 -1 -1 1 -1 -1 -1 1 -1 1 -1 1 -1 -1 1 1 -1 -1 -1 1 1 -1 1 1 1 -1 -1 -1 -1 -1 1 -1,1 1 1 -1 1 1 -1 1 1 1 1 1 -1 -1 -1 -1 -1 1 -1 1 -1 -1 1 -1 1 1 1 -1 -1 1 1 1 -1 -1 -1 1 1 -1 -1 -1 1 -1 1 1 -1 1 -1 1 1 1 1 1 -1 -1 -1 -1 -1 1 -1 -1 1 -1 -1 -1,True,True
ito_ngp_066,66,132,ito,D,26,x2 - x + 14; p = q = 131,1 -1 -1 -1 -1 1 1 -1 1 -1 1 -1 -1 1 1 -1 -1 -1 1 1 -1 1 -1 1 1 1 1 1 -1 1 1 -1 -1 1 -1 -1 1 1 -1 1 1 1 1 1 -1 1 -1 1 1 -1 -1 -1 1 1 -1 -1 1 -1 1 -1 1 1 -1 -1 -1 -1,1 1 1 1 1 1 1 -1 -1 -1 1 -1 1 1 -1 1 -1 -1 -1 1 1 -1 1 -1 1 1 1 -1 -1 -1 1 -1 -1 1 1 -1 1 1 1 -1 -1 -1 1 -1 1 -1 -1 1 1 1 -1 1 -1 -1 1 -1 1 1 1 -1 -1 -1 -1 -1 -1 -1,True,True
ito_ngp_070,70,140,ito,D,26,x2 + x + 2; p = q = 139,1 1 -1 1 -1 -1 -1 -1 1 -1 1 -1 1 1 1 -1 -1 -1 1 1 1 -1 -1 1 -1 -1 1 1 1 1 1 1 1 -1 1 1 1 -1 1 1 1 1 1 1 1 -1 -1 1 -1 -1 1 1 1 -1 -1 -1 1 1 1 -1 1 -1 1 -1 -1 -1 -1 1 -1 1,-1 -1 -1 -1 1 1 1 1 -1 1 1 -1 1 1 -1 1 -1 1 1 1 -1 1 -1 -1 -1 1 1 -1 1 -1 -1 1 1 -1 -1 1 1 -1 -1 1 1 -1 1 -1 -1 1 1 1 -1 1 -1 -1 -1 1 -1 1 -1 -1 1 -1 -1 1 -1 -1 -1 -1 1 1 1 1,True,True
ito_ngp_076,76,152,ito,D,26,x2 + x + 12; p = q = 151,1 -1 1 1 1 -1 -1 1 -1 -1 1 -1 1 1 -1 1 -1 -1 -1 1 -1 1 1 1 1 1 1 -1 -1 1 1 -1 -1 -1 -1 -1 1 -1 1 -1 1 -1 -1 -1 -1 -1 1 1 -1 -1 1 1 1 1 1 1 -1 1 -1 -1 -1 1 -1 1 1 -1 1 -1 -1 1 -1 -1 1 1 1 -1,-1 1 1 1 -1 -1 -1 1 -1 1 1 -1 -1 -1 -1 -1 1 -1 -1 -1 -1 1 -1 1 -1 1 1 -1 -1 -1 -1 1 -1 -1 -1 1 -1 -1 1 1 -1 1 1 1 -1 1 1 1 1 -1 -1 1 -1 1 -1 1 1 1 1 -1 1 1 1 1 1 -1 -1 1 -1 1 1 1 -1 -1 -1 1,True,True
ito_ngp_082,82,164,ito,D,26,x2 + x + 11; p = q = 163,1 1 1 -1 1 -1 1 -1 -1 -1 1 1 -1 -1 -1 -1 1 1 -1 1 -1 -1 -1 1 1 1 1 1 1 1 1 1 -1 1 -1 1 1 1 1 -1 -1 1 -1 -1 1 1 1 1 -1 1 -1 1 1 1 1 1 1 1 1 1 -1 -1 -1 1 -1 1 1 -1 -1 -1 -1 1 1 -1 -1 -1 1 -1 1 -1 1 1,-1 1 -1 -1 1 -1 -1 1 -1 1 -1 1 -1 1 1 1 1 -1 -1 -1 -1 1 -1 -1 1 1 1 1 -1 1 1 1 -1 -1 1 -1 -1 1 1 -1 -1 1 1 -1 -1 1 1 -1 1 1 -1 -1 -1 1 -1 -1 -1 -1 1 1 -1 1 1 1 1 -1 -1 -1 -1 1 -1 1 -1 1 -1 1 1 -1 1 1 -1 1,True,True
ito_ngp_106,106,212,ito,D,26,x2 + x + 3; p = q = 211,1 -1 -1 -1 1 1 -1 1 -1 -1 -1 -1 -1 1 -1 -1 -1 1 1 1 1 -1 -1 1 1 -1 -1 -1 -1 -1 -1 1 -1 -1 1 1 -1 -1 -1 -1 1 1 -1 1 1 -1 1 -1 1 1 -1 1 -1 1 -1 1 -1 1 1 -1 1 -1 1 1 -1 1 1 -1 -1 -1 -1 1 1 -1 -1 1 -1 -1 -1 -1 -1 -1 1 1 -1 -1 1 1 1 1 -1 -1 -1 1 -1 -1 -1 -1 -1 1 -1 1 1 -1 -1 -1,-1 1 1 -1 -1 -1 1 -1 1 1 1 -1 -1 1 -1 -1 1 -1 -1 1 -1 1 -1 -1 -1 -1 -1 -1 -1 1 1 1 -1 -1 1 -1 -1 -1 1 -1 1 -1 -1 1 1 1 1 1 1 -1 1 -1 1 -1 1 -1 1 -1 -1 -1 -1 -1 -1 1 1 -1 1 -1 1 1 1 -1 1 1 -1 -1 -1 1 1 1 1 1 1 1 -1 1 -1 1 1 -1 1 1 -1 1 1 -1 -1 -1 1 -1 1 1 1 -1 -1 1,True,True
ito_ngp_142,142,284,ito,D,26,x2 + x + 3; p = q = 283,1 1 -1 1 -1 -1 -1 -1 1 -1 -1 -1 -1 -1 1 1 -1 -1 -1 -1 1 1 1 -1 1 1 1 -1 1 -1 1 -1 1 -1 -1 1 -1 1 -1 -1 -1 -1 1 1 -1 1 1 -1 1 1 -1 1 -1 -1 -1 1 -1 -1 1 1 1 1 -1 1 1 -1 -1 1 1 -1 1 1 1 -1 1 1 -1 -1 1 1 -1 1 1 1 1 -1 -1 1 -1 -1 -1 1 -1 1 1 -1 1 1 -1 1 1 -1 -1 -1 -1 1 -1 1 -1 -1 1 -1 1 -1 1 -1 1 1 1 -1 1 1 1 -1 -1 -1 -1 1 1 -1 -1 -1 -1 -1 1 -1 -1 -1 -1 1 -1 1,-1 1 1 -1 -1 -1 1 1 1 1 -1 1 1 1 1 1 -1 1 -1 -1 1 1 1 1 -1 -1 1 -1 1 1 1 1 1 1 -1 -1 1 1 -1 1 1 1 -1 -1 -1 -1 -1 -1 1 1 -1 1 -1 1 1 -1 -1 -1 1 -1 -1 -1 -1 1 -1 1 1 1 -1 1 -1 1 -1 1 -1 -1 -1 1 -1 1 1 1 1 -1 1 1 1 -1 -1 1 -1 1 -1 -1 1 1 1 1 1 1 -1 -1 -1 1 -1 -1 1 1 -1 -1 -1 -1 -1 -1 1 -1 1 1 -1 -1 -1 -1 1 1 -1 1 -1 -1 -1 -1 -1 1 -1 -1 -1 -1 1 1 1 -1 -1 1,True,True
ito_ngp_154,154,308,ito,D,26,x2 + x + 5; p = q = 307,1 1 1 -1 -1 1 -1 -1 1 1 1 -1 1 -1 1 1 -1 1 -1 -1 1 1 -1 -1 1 1 -1 1 -1 -1 -1 -1 -1 -1 1 1 -1 -1 -1 -1 -1 -1 -1 -1 -1 -1 1 -1 -1 1 -1 1 1 1 1 -1 1 1 -1 -1 -1 -1 1 1 -1 -1 -1 -1 1 1 1 1 -1 1 -1 1 -1 1 -1 1 -1 1 -1 1 1 1 1 -1 -1 -1 -1 1 1 -1 -1 -1 -1 1 1 -1 1 1 1 1 -1 1 -1 -1 1 -1 -1 -1 -1 -1 -1 -1 -1 -1 -1 1 1 -1 -1 -1 -1 -1 -1 1 -1 1 1 -1 -1 1 1 -1 -1 1 -1 1 1 -1 1 -1 1 1 1 -1 -1 1 -1 -1 1 1,-1 1 -1 -1 1 1 1 1 -1 -1 -1 -1 1 -1 1 1 1 -1 1 -1 -1 1 -1 -1 1 1 -1 -1 1 -1 1 -1 1 -1 -1 -1 -1 1 -1 1 -1 -1 -1 1 -1 -1 -1 1 1 1 -1 1 1 1 1 -1 1 1 -1 -1 -1 -1 -1 -1 1 1 -1 1 -1 1 -1 -1 1 1 -1 -1 -1 1 1 1 -1 -1 1 1 -1 1 -1 1 -1 -1 1 1 1 1 1 1 -1 -1 1 -1 -1 -1 -1 1 -1 -1 -1 1 1 1 -1 1 1 1 -1 1 -1 1 1 1 1 -1 1 -1 1 -1 1 1 -1 -1 1 1 -1 1 1 -1 1 -1 -1 -1 1 -1 1 1 1 1 -1 -1 -1 -1 1 1 -1 1,True,True
